,Player,Pos,GP,G,A,Pts,PIM,PPG,SHG,GWG,Shts,SOG,S%,SG%,GB,TOC,CTO,FO,FW,FO%,team,year
0,Tom Schreiber,M,10.0,17.0,18.0,37.0,,0.0,0.0,0.0,59.0,29.0,28.8,58.6,9.0,22.0,1.0,0.0,0.0,,Archers LC,2019
1,Marcus Holman,A,10.0,23.0,7.0,32.0,,0.0,0.0,0.0,74.0,43.0,31.1,53.5,17.0,19.0,0.0,0.0,0.0,,Archers LC,2019
2,Will Manny,A,10.0,22.0,7.0,30.0,,0.0,0.0,0.0,74.0,50.0,29.7,44.0,7.0,20.0,1.0,0.0,0.0,,Archers LC,2019
3,Ben McIntosh,M,10.0,11.0,2.0,13.0,,0.0,0.0,0.0,44.0,27.0,25.0,40.7,7.0,7.0,0.0,0.0,0.0,,Archers LC,2019
4,Christian Cuccinello,A,8.0,8.0,4.0,12.0,,0.0,0.0,0.0,28.0,17.0,28.6,47.1,10.0,7.0,0.0,0.0,0.0,,Archers LC,2019
5,Ryan Ambler,A,9.0,3.0,7.0,10.0,,0.0,0.0,0.0,14.0,6.0,21.4,50.0,5.0,6.0,0.0,0.0,0.0,,Archers LC,2019
6,Daniel Eipp,M,9.0,5.0,4.0,9.0,,0.0,0.0,0.0,19.0,12.0,26.3,41.7,3.0,4.0,1.0,0.0,0.0,,Archers LC,2019
7,Joey Sankey,A,5.0,4.0,5.0,9.0,,0.0,0.0,0.0,29.0,19.0,13.8,21.1,8.0,6.0,1.0,0.0,0.0,,Archers LC,2019
8,Kevin Rice,A,6.0,3.0,4.0,7.0,,0.0,0.0,0.0,27.0,17.0,11.1,17.6,4.0,7.0,0.0,0.0,0.0,,Archers LC,2019
9,Stephen Kelly,FO,10.0,3.0,4.0,7.0,,0.0,0.0,0.0,8.0,7.0,37.5,42.9,58.0,5.0,0.0,192.0,94.0,49.0,Archers LC,2019
10,Scott Ratliff,LSM,10.0,2.0,2.0,4.0,,0.0,0.0,0.0,15.0,6.0,13.3,33.3,29.0,8.0,13.0,8.0,1.0,12.5,Archers LC,2019
11,Ian MacKay,M,4.0,2.0,1.0,3.0,,0.0,0.0,0.0,11.0,7.0,18.2,28.6,1.0,3.0,0.0,0.0,0.0,,Archers LC,2019
12,Austin Sims,M,3.0,2.0,0.0,2.0,,0.0,0.0,0.0,12.0,6.0,16.7,33.3,1.0,2.0,0.0,0.0,0.0,,Archers LC,2019
13,Michael Simon,D,7.0,1.0,0.0,2.0,,0.0,0.0,0.0,6.0,3.0,16.7,33.3,6.0,0.0,3.0,2.0,0.0,0.0,Archers LC,2019
14,Tyler Pfister,M,8.0,0.0,2.0,2.0,,0.0,0.0,0.0,6.0,3.0,0.0,0.0,4.0,2.0,1.0,0.0,0.0,,Archers LC,2019
15,Dominique Alexander,M,10.0,0.0,1.0,1.0,,0.0,0.0,0.0,3.0,1.0,0.0,0.0,15.0,2.0,5.0,0.0,0.0,,Archers LC,2019
16,Michael Noone,D,1.0,0.0,0.0,0.0,,0.0,0.0,0.0,0.0,0.0,,,2.0,0.0,1.0,0.0,0.0,,Archers LC,2019
17,Steven Waldeck,D,1.0,0.0,0.0,0.0,,0.0,0.0,0.0,0.0,0.0,,,0.0,0.0,0.0,0.0,0.0,,Archers LC,2019
18,Davey Emala,A,1.0,0.0,0.0,0.0,,0.0,0.0,0.0,0.0,0.0,,,0.0,0.0,0.0,0.0,0.0,,Archers LC,2019
19,Evan Connell,D,3.0,0.0,0.0,0.0,,0.0,0.0,0.0,0.0,0.0,,,2.0,0.0,0.0,0.0,0.0,,Archers LC,2019
20,Goran Murray,D,3.0,0.0,0.0,0.0,,0.0,0.0,0.0,0.0,0.0,,,2.0,0.0,1.0,0.0,0.0,,Archers LC,2019
21,Nicholas Tintle,M,3.0,0.0,0.0,0.0,,0.0,0.0,0.0,0.0,0.0,,,1.0,0.0,0.0,0.0,0.0,,Archers LC,2019
22,Brendan Fowler,M,5.0,0.0,0.0,0.0,,0.0,0.0,0.0,3.0,2.0,0.0,0.0,9.0,1.0,0.0,41.0,18.0,43.9,Archers LC,2019
23,Curtis Corley,D,6.0,0.0,0.0,0.0,,0.0,0.0,0.0,0.0,0.0,,,6.0,2.0,1.0,0.0,0.0,,Archers LC,2019
24,Drew Adams,G,7.0,0.0,0.0,0.0,,0.0,0.0,0.0,0.0,0.0,,,7.0,0.0,1.0,0.0,0.0,,Archers LC,2019
25,Adam Ghitelman,G,9.0,0.0,0.0,0.0,,0.0,0.0,0.0,2.0,2.0,0.0,0.0,11.0,3.0,1.0,0.0,0.0,,Archers LC,2019
26,Mark McNeill,M,9.0,0.0,0.0,0.0,,0.0,0.0,0.0,2.0,2.0,0.0,0.0,18.0,3.0,3.0,0.0,0.0,,Archers LC,2019
27,Jackson Place,D,10.0,0.0,0.0,0.0,,0.0,0.0,0.0,0.0,0.0,,,22.0,1.0,12.0,0.0,0.0,,Archers LC,2019
28,Matt McMahon,D,10.0,0.0,0.0,0.0,,0.0,0.0,0.0,3.0,0.0,0.0,,23.0,3.0,11.0,0.0,0.0,,Archers LC,2019
29,Totals,,197.0,106.0,68.0,180.0,0.0,0.0,0.0,0.0,439.0,259.0,24.1,40.9,287.0,133.0,57.0,243.0,113.0,46.5,Archers LC,2019
30,Eric Law,A,10.0,20.0,10.0,30.0,,0.0,0.0,0.0,34.0,29.0,58.8,69.0,14.0,8.0,0.0,0.0,0.0,,Atlas LC,2019
31,Ryan Brown,A,10.0,21.0,3.0,25.0,,0.0,0.0,0.0,81.0,46.0,25.9,45.7,8.0,10.0,2.0,0.0,0.0,,Atlas LC,2019
32,Kieran McArdle,A,10.0,12.0,13.0,25.0,,0.0,0.0,0.0,43.0,31.0,27.9,38.7,5.0,18.0,0.0,0.0,0.0,,Atlas LC,2019
33,Paul Rabil,M,10.0,11.0,11.0,23.0,,0.0,0.0,0.0,47.0,27.0,23.4,40.7,8.0,17.0,2.0,0.0,0.0,,Atlas LC,2019
34,Connor Buczek,M,10.0,16.0,4.0,22.0,,0.0,0.0,0.0,64.0,42.0,25.0,38.1,6.0,13.0,2.0,0.0,0.0,,Atlas LC,2019
35,Chris Cloutier,A,7.0,9.0,5.0,14.0,,0.0,0.0,0.0,27.0,17.0,33.3,52.9,10.0,10.0,1.0,0.0,0.0,,Atlas LC,2019
36,Joel Tinney,M,10.0,6.0,8.0,14.0,,0.0,0.0,0.0,23.0,17.0,26.1,35.3,8.0,6.0,2.0,0.0,0.0,,Atlas LC,2019
37,John Crawley,M,7.0,5.0,3.0,8.0,,0.0,0.0,0.0,17.0,10.0,29.4,50.0,2.0,3.0,1.0,0.0,0.0,,Atlas LC,2019
38,Kyle Hartzell,LSM,10.0,2.0,6.0,8.0,,0.0,0.0,0.0,14.0,7.0,14.3,28.6,16.0,7.0,6.0,2.0,1.0,50.0,Atlas LC,2019
39,Trevor Baptiste,FO,10.0,3.0,3.0,7.0,,0.0,0.0,0.0,15.0,4.0,20.0,75.0,73.0,10.0,3.0,261.0,164.0,62.8,Atlas LC,2019
40,Cade Van Raaphorst,LSM,9.0,3.0,1.0,6.0,,0.0,0.0,0.0,9.0,4.0,33.3,75.0,17.0,2.0,8.0,0.0,0.0,,Atlas LC,2019
41,Kevin Unterstein,M,10.0,3.0,2.0,5.0,,0.0,0.0,0.0,8.0,3.0,37.5,100.0,23.0,3.0,3.0,0.0,0.0,,Atlas LC,2019
42,Noah Richard,LSM,9.0,3.0,0.0,4.0,,0.0,0.0,0.0,3.0,3.0,100.0,100.0,23.0,0.0,4.0,8.0,2.0,25.0,Atlas LC,2019
43,Jacob Richard,M,10.0,1.0,2.0,3.0,,0.0,0.0,0.0,3.0,2.0,33.3,50.0,16.0,3.0,4.0,0.0,0.0,,Atlas LC,2019
44,Steve DeNapoli,M,7.0,0.0,2.0,2.0,,0.0,0.0,0.0,1.0,0.0,0.0,,6.0,1.0,1.0,0.0,0.0,,Atlas LC,2019
45,Andrew Hodgson,M,2.0,1.0,0.0,1.0,,0.0,0.0,0.0,3.0,2.0,33.3,50.0,4.0,2.0,2.0,0.0,0.0,,Atlas LC,2019
46,James Pannell,A,2.0,1.0,0.0,1.0,,0.0,0.0,0.0,4.0,3.0,25.0,33.3,0.0,0.0,0.0,0.0,0.0,,Atlas LC,2019
47,Steven Brooks,M,1.0,0.0,0.0,0.0,,0.0,0.0,0.0,0.0,0.0,,,0.0,0.0,0.0,0.0,0.0,,Atlas LC,2019
48,Pat Young,M,1.0,0.0,0.0,0.0,,0.0,0.0,0.0,1.0,0.0,0.0,,0.0,0.0,0.0,0.0,0.0,,Atlas LC,2019
49,Scott Rodgers,G,2.0,0.0,0.0,0.0,,0.0,0.0,0.0,0.0,0.0,,,0.0,0.0,0.0,0.0,0.0,,Atlas LC,2019
50,Ryan Conrad,M,4.0,0.0,0.0,0.0,,0.0,0.0,0.0,3.0,0.0,0.0,,8.0,4.0,2.0,0.0,0.0,,Atlas LC,2019
51,Callum Robinson,D,8.0,0.0,0.0,0.0,,0.0,0.0,0.0,0.0,0.0,,,10.0,4.0,2.0,0.0,0.0,,Atlas LC,2019
52,Tucker Durkin,D,10.0,0.0,0.0,0.0,,0.0,0.0,0.0,0.0,0.0,,,18.0,1.0,2.0,0.0,0.0,,Atlas LC,2019
53,Jack Concannon,G,10.0,0.0,0.0,0.0,,0.0,0.0,0.0,0.0,0.0,,,12.0,3.0,1.0,0.0,0.0,,Atlas LC,2019
54,Austin Pifani,D,10.0,0.0,0.0,0.0,,0.0,0.0,0.0,2.0,1.0,0.0,0.0,11.0,2.0,3.0,0.0,0.0,,Atlas LC,2019
55,Totals,,189.0,117.0,73.0,198.0,0.0,0.0,0.0,0.0,402.0,248.0,29.1,47.2,298.0,127.0,51.0,271.0,167.0,61.6,Atlas LC,2019
56,Connor Fields,A,10.0,22.0,11.0,33.0,,0.0,0.0,0.0,61.0,49.0,36.1,44.9,15.0,37.0,4.0,0.0,0.0,,Chaos LC,2019
57,Jake Froccaro,M,10.0,14.0,10.0,27.0,,0.0,0.0,0.0,56.0,35.0,25.0,40.0,17.0,7.0,4.0,5.0,0.0,0.0,Chaos LC,2019
58,Josh Byrne,A,8.0,17.0,8.0,25.0,,0.0,0.0,0.0,39.0,25.0,43.6,68.0,11.0,7.0,3.0,0.0,0.0,,Chaos LC,2019
59,Myles Jones,M,9.0,7.0,10.0,18.0,,0.0,0.0,0.0,43.0,19.0,16.3,36.8,9.0,20.0,3.0,0.0,0.0,,Chaos LC,2019
60,Miles Thompson,A,7.0,11.0,6.0,17.0,,0.0,0.0,0.0,28.0,17.0,39.3,64.7,7.0,5.0,1.0,0.0,0.0,,Chaos LC,2019
61,Deemer Class,M,9.0,10.0,3.0,13.0,,0.0,0.0,0.0,32.0,18.0,31.3,55.6,3.0,8.0,1.0,0.0,0.0,,Chaos LC,2019
62,Eric Scott,A,9.0,7.0,3.0,10.0,,0.0,0.0,0.0,22.0,12.0,31.8,58.3,6.0,7.0,1.0,0.0,0.0,,Chaos LC,2019
63,Jarrod Neumann,D,10.0,5.0,0.0,10.0,,0.0,0.0,0.0,14.0,7.0,35.7,71.4,15.0,7.0,5.0,0.0,0.0,,Chaos LC,2019
64,Kevin Buchanan,M,9.0,8.0,1.0,9.0,,0.0,0.0,0.0,23.0,13.0,34.8,61.5,5.0,1.0,2.0,0.0,0.0,,Chaos LC,2019
65,Troy Reh,LSM,10.0,4.0,2.0,7.0,,0.0,0.0,0.0,10.0,6.0,40.0,66.7,14.0,6.0,4.0,14.0,0.0,0.0,Chaos LC,2019
66,Matt Rees,LSM,7.0,4.0,0.0,6.0,,0.0,0.0,0.0,10.0,4.0,40.0,100.0,6.0,3.0,3.0,0.0,0.0,,Chaos LC,2019
67,Mark Glicini,M,10.0,2.0,3.0,5.0,,0.0,0.0,0.0,7.0,4.0,28.6,50.0,18.0,4.0,6.0,0.0,0.0,,Chaos LC,2019
68,Dhane Smith,M,5.0,2.0,2.0,4.0,,0.0,0.0,0.0,8.0,6.0,25.0,33.3,0.0,2.0,0.0,0.0,0.0,,Chaos LC,2019
69,Kyle McClancy,M,10.0,1.0,3.0,4.0,,0.0,0.0,0.0,4.0,3.0,25.0,33.3,14.0,2.0,4.0,0.0,0.0,,Chaos LC,2019
70,Mike Bocklet,A,2.0,1.0,2.0,3.0,,0.0,0.0,0.0,4.0,2.0,25.0,50.0,1.0,1.0,1.0,0.0,0.0,,Chaos LC,2019
71,Thomas Kelly,FO,10.0,2.0,0.0,2.0,,0.0,0.0,0.0,7.0,5.0,28.6,40.0,70.0,13.0,2.0,252.0,131.0,52.0,Chaos LC,2019
72,Jack Rowlett,D,10.0,0.0,2.0,2.0,,0.0,0.0,0.0,3.0,2.0,0.0,0.0,11.0,4.0,8.0,7.0,2.0,28.6,Chaos LC,2019
73,Patrick Resch,M,9.0,1.0,0.0,1.0,,0.0,0.0,0.0,3.0,2.0,33.3,50.0,6.0,0.0,1.0,0.0,0.0,,Chaos LC,2019
74,Greyson Torain,M,6.0,0.0,1.0,1.0,,0.0,0.0,0.0,2.0,0.0,0.0,,2.0,3.0,0.0,0.0,0.0,,Chaos LC,2019
75,Dan Coates,D,1.0,0.0,0.0,0.0,,0.0,0.0,0.0,0.0,0.0,,,1.0,0.0,0.0,0.0,0.0,,Chaos LC,2019
76,Joey Resetarits,A,1.0,0.0,0.0,0.0,,0.0,0.0,0.0,0.0,0.0,,,0.0,0.0,0.0,0.0,0.0,,Chaos LC,2019
77,Jeremy Thompson,M,4.0,0.0,0.0,0.0,,0.0,0.0,0.0,5.0,4.0,0.0,0.0,4.0,0.0,0.0,3.0,0.0,0.0,Chaos LC,2019
78,Johnny Surdick,D,6.0,0.0,0.0,0.0,,0.0,0.0,0.0,0.0,0.0,,,1.0,1.0,4.0,0.0,0.0,,Chaos LC,2019
79,Blaze Riorden,G,10.0,0.0,0.0,0.0,,0.0,0.0,0.0,0.0,0.0,,,22.0,3.0,2.0,0.0,0.0,,Chaos LC,2019
80,Brodie Merrill,D,10.0,0.0,0.0,0.0,,0.0,0.0,0.0,1.0,1.0,0.0,0.0,36.0,6.0,6.0,0.0,0.0,,Chaos LC,2019
81,Totals,,192.0,118.0,67.0,197.0,0.0,0.0,0.0,0.0,382.0,234.0,30.9,50.4,294.0,147.0,65.0,281.0,133.0,47.3,Chaos LC,2019
82,Justin Guterding,A,10.0,20.0,14.0,35.0,,0.0,0.0,0.0,62.0,38.0,32.3,52.6,15.0,18.0,0.0,0.0,0.0,,Chrome LC,2019
83,Jordan Wolf,A,10.0,16.0,16.0,32.0,,0.0,0.0,0.0,65.0,38.0,24.6,42.1,12.0,24.0,1.0,0.0,0.0,,Chrome LC,2019
84,Ned Crotty,M,10.0,17.0,9.0,27.0,,0.0,0.0,0.0,46.0,29.0,37.0,58.6,4.0,14.0,0.0,0.0,0.0,,Chrome LC,2019
85,Jordan Macintosh,M,8.0,20.0,2.0,22.0,,0.0,0.0,0.0,46.0,33.0,43.5,60.6,26.0,13.0,3.0,5.0,0.0,0.0,Chrome LC,2019
86,John Ranagan,M,10.0,12.0,3.0,17.0,,0.0,0.0,0.0,32.0,21.0,37.5,57.1,3.0,7.0,3.0,0.0,0.0,,Chrome LC,2019
87,Matt Danowski,M,9.0,8.0,6.0,15.0,,0.0,0.0,0.0,35.0,20.0,22.9,40.0,3.0,8.0,1.0,0.0,0.0,,Chrome LC,2019
88,Simon Mathias,A,7.0,6.0,1.0,7.0,,0.0,0.0,0.0,26.0,16.0,23.1,37.5,5.0,5.0,0.0,0.0,0.0,,Chrome LC,2019
89,Max Tuttle,M,8.0,5.0,2.0,7.0,,0.0,0.0,0.0,33.0,15.0,15.2,33.3,12.0,5.0,5.0,2.0,0.0,0.0,Chrome LC,2019
90,Romar Dennis,M,10.0,4.0,1.0,6.0,,0.0,0.0,0.0,24.0,8.0,16.7,50.0,7.0,4.0,2.0,0.0,0.0,,Chrome LC,2019
91,Will Haus,M,9.0,4.0,0.0,4.0,,0.0,0.0,0.0,11.0,8.0,36.4,50.0,17.0,4.0,4.0,0.0,0.0,,Chrome LC,2019
92,Ty Thompson,A,3.0,2.0,1.0,3.0,,0.0,0.0,0.0,5.0,4.0,40.0,50.0,1.0,1.0,0.0,0.0,0.0,,Chrome LC,2019
93,Joel White,D,8.0,1.0,2.0,3.0,,0.0,0.0,0.0,8.0,3.0,12.5,33.3,46.0,8.0,7.0,0.0,0.0,,Chrome LC,2019
94,Mike Manley,D,9.0,1.0,1.0,3.0,,0.0,0.0,0.0,1.0,1.0,100.0,100.0,15.0,2.0,8.0,0.0,0.0,,Chrome LC,2019
95,Drew Simoneau,FO,5.0,1.0,1.0,2.0,,0.0,0.0,0.0,2.0,1.0,50.0,100.0,13.0,1.0,0.0,64.0,28.0,43.8,Chrome LC,2019
96,Connor Farrell,FO,10.0,1.0,1.0,2.0,,0.0,0.0,0.0,7.0,3.0,14.3,33.3,70.0,7.0,2.0,209.0,114.0,54.5,Chrome LC,2019
97,John Moderski,D,5.0,1.0,0.0,1.0,,0.0,0.0,0.0,1.0,1.0,100.0,100.0,12.0,2.0,5.0,0.0,0.0,,Chrome LC,2019
98,Mike O'Neil,M,7.0,1.0,0.0,1.0,,0.0,0.0,0.0,4.0,3.0,25.0,33.3,11.0,2.0,4.0,1.0,0.0,0.0,Chrome LC,2019
99,John Prendergast,M,6.0,0.0,1.0,1.0,,0.0,0.0,0.0,2.0,0.0,0.0,,3.0,1.0,1.0,0.0,0.0,,Chrome LC,2019
100,Luke Duprey,D,2.0,0.0,0.0,0.0,,0.0,0.0,0.0,1.0,1.0,0.0,0.0,2.0,0.0,1.0,0.0,0.0,,Chrome LC,2019
101,Chris Bocklet,A,2.0,0.0,0.0,0.0,,0.0,0.0,0.0,1.0,1.0,0.0,0.0,1.0,0.0,1.0,0.0,0.0,,Chrome LC,2019
102,BJ Grill,D,3.0,0.0,0.0,0.0,,0.0,0.0,0.0,0.0,0.0,,,3.0,0.0,0.0,0.0,0.0,,Chrome LC,2019
103,Brandon Mullins,D,4.0,0.0,0.0,0.0,,0.0,0.0,0.0,0.0,0.0,,,5.0,3.0,3.0,0.0,0.0,,Chrome LC,2019
104,Alec Tulett,D,4.0,0.0,0.0,0.0,,0.0,0.0,0.0,1.0,1.0,0.0,0.0,8.0,4.0,2.0,0.0,0.0,,Chrome LC,2019
105,Joe Fletcher,D,6.0,0.0,0.0,0.0,,0.0,0.0,0.0,0.0,0.0,,,9.0,1.0,6.0,0.0,0.0,,Chrome LC,2019
106,Brett Queener,G,6.0,0.0,0.0,0.0,,0.0,0.0,0.0,0.0,0.0,,,7.0,2.0,1.0,0.0,0.0,,Chrome LC,2019
107,Ryan Flanagan,D,6.0,0.0,0.0,0.0,,0.0,0.0,0.0,1.0,0.0,0.0,,15.0,3.0,4.0,0.0,0.0,,Chrome LC,2019
108,Chris Sabia,D,7.0,0.0,0.0,0.0,,0.0,0.0,0.0,1.0,1.0,0.0,0.0,11.0,2.0,5.0,0.0,0.0,,Chrome LC,2019
109,John Galloway,G,10.0,0.0,0.0,0.0,,0.0,0.0,0.0,0.0,0.0,,,16.0,2.0,1.0,0.0,0.0,,Chrome LC,2019
110,Totals,,194.0,120.0,61.0,188.0,0.0,0.0,0.0,0.0,415.0,246.0,28.9,48.8,352.0,143.0,70.0,281.0,142.0,50.5,Chrome LC,2019
111,Jules Heningburg,A,10.0,21.0,12.0,33.0,,0.0,0.0,0.0,54.0,32.0,38.9,65.6,8.0,21.0,0.0,0.0,0.0,,Redwoods LC,2019
112,Matt Kavanagh,A,9.0,15.0,8.0,24.0,,0.0,0.0,0.0,54.0,36.0,27.8,41.7,14.0,10.0,2.0,0.0,0.0,,Redwoods LC,2019
113,Ryder Garnsey,A,9.0,14.0,10.0,24.0,,0.0,0.0,0.0,40.0,28.0,35.0,50.0,11.0,13.0,1.0,0.0,0.0,,Redwoods LC,2019
114,Sergio Salcido,M,9.0,10.0,9.0,20.0,,0.0,0.0,0.0,43.0,20.0,23.3,50.0,10.0,5.0,0.0,0.0,0.0,,Redwoods LC,2019
115,Joe Walters,M,10.0,9.0,11.0,20.0,,0.0,0.0,0.0,42.0,26.0,21.4,34.6,5.0,18.0,0.0,0.0,0.0,,Redwoods LC,2019
116,Clarke Petterson,A,7.0,9.0,3.0,12.0,,0.0,0.0,0.0,22.0,12.0,40.9,75.0,7.0,5.0,1.0,0.0,0.0,,Redwoods LC,2019
117,Brent Adams,M,9.0,10.0,1.0,11.0,,0.0,0.0,0.0,35.0,20.0,28.6,50.0,11.0,11.0,1.0,0.0,0.0,,Redwoods LC,2019
118,Sergio Perkovic,M,10.0,9.0,1.0,10.0,,0.0,0.0,0.0,43.0,21.0,20.9,42.9,4.0,6.0,1.0,0.0,0.0,,Redwoods LC,2019
119,Wesley Berg,A,5.0,4.0,0.0,4.0,,0.0,0.0,0.0,8.0,7.0,50.0,57.1,4.0,3.0,0.0,0.0,0.0,,Redwoods LC,2019
120,Patrick Harbeson,M,10.0,3.0,0.0,3.0,,0.0,0.0,0.0,9.0,6.0,33.3,50.0,21.0,5.0,4.0,4.0,0.0,0.0,Redwoods LC,2019
121,Kyle Harrison,M,10.0,3.0,0.0,3.0,,0.0,0.0,0.0,31.0,20.0,9.7,15.0,4.0,5.0,1.0,0.0,0.0,,Redwoods LC,2019
122,Jojo Marasco,M,3.0,1.0,2.0,3.0,,0.0,0.0,0.0,3.0,2.0,33.3,50.0,2.0,0.0,0.0,0.0,0.0,,Redwoods LC,2019
123,Brian Karalunas,LSM,10.0,1.0,2.0,3.0,,0.0,0.0,0.0,4.0,1.0,25.0,100.0,14.0,0.0,6.0,14.0,5.0,35.7,Redwoods LC,2019
124,Edwin Glazener,D,9.0,1.0,1.0,2.0,,0.0,0.0,0.0,4.0,3.0,25.0,33.3,9.0,4.0,6.0,0.0,0.0,,Redwoods LC,2019
125,Larken Kemp,LSM,6.0,1.0,0.0,1.0,,0.0,0.0,0.0,1.0,1.0,100.0,100.0,8.0,0.0,3.0,1.0,0.0,0.0,Redwoods LC,2019
126,Greg Gurenlian,FO,8.0,1.0,0.0,1.0,,0.0,0.0,0.0,10.0,4.0,10.0,25.0,32.0,6.0,0.0,172.0,86.0,50.0,Redwoods LC,2019
127,John Sexton,LSM,9.0,1.0,0.0,1.0,,0.0,0.0,0.0,8.0,2.0,12.5,50.0,18.0,4.0,10.0,15.0,5.0,33.3,Redwoods LC,2019
128,Garrett Epple,D,10.0,1.0,0.0,1.0,,0.0,0.0,0.0,5.0,3.0,20.0,33.3,40.0,5.0,23.0,0.0,0.0,,Redwoods LC,2019
129,Kylor Bellistri,M,2.0,0.0,1.0,1.0,,0.0,0.0,0.0,4.0,3.0,0.0,0.0,3.0,1.0,0.0,0.0,0.0,,Redwoods LC,2019
130,Tim Troutner,G,10.0,0.0,1.0,1.0,,0.0,0.0,0.0,0.0,0.0,,,16.0,5.0,1.0,0.0,0.0,,Redwoods LC,2019
131,Jerry Ragonese,FO,1.0,0.0,0.0,0.0,,0.0,0.0,0.0,0.0,0.0,,,0.0,0.0,1.0,20.0,6.0,30.0,Redwoods LC,2019
132,Nick Ossello,M,3.0,0.0,0.0,0.0,,0.0,0.0,0.0,3.0,0.0,0.0,,6.0,1.0,1.0,12.0,2.0,16.7,Redwoods LC,2019
133,Gunnar Waldt,G,4.0,0.0,0.0,0.0,,0.0,0.0,0.0,0.0,0.0,,,1.0,0.0,0.0,0.0,0.0,,Redwoods LC,2019
134,Tyler Dunn,M,5.0,0.0,0.0,0.0,,0.0,0.0,0.0,2.0,0.0,0.0,,5.0,0.0,1.0,15.0,2.0,13.3,Redwoods LC,2019
135,Jack Near,M,7.0,0.0,0.0,0.0,,0.0,0.0,0.0,10.0,5.0,0.0,0.0,7.0,1.0,1.0,0.0,0.0,,Redwoods LC,2019
136,Matt Landis,D,8.0,0.0,0.0,0.0,,0.0,0.0,0.0,0.0,0.0,,,13.0,1.0,3.0,0.0,0.0,,Redwoods LC,2019
137,Totals,,193.0,114.0,62.0,178.0,0.0,0.0,0.0,0.0,435.0,252.0,26.2,45.2,273.0,130.0,67.0,253.0,106.0,41.9,Redwoods LC,2019
138,Totals,,,,,,,,,,,,,,,,,,,,Waterdogs LC,2019
139,Matt Rambo,A,10.0,19.0,23.0,42.0,,0.0,0.0,0.0,66.0,34.0,28.8,55.9,9.0,20.0,0.0,0.0,0.0,,Whipsnakes LC,2019
140,Mike Chanenchuk,M,10.0,15.0,4.0,26.0,,0.0,0.0,0.0,65.0,31.0,23.1,48.4,2.0,11.0,0.0,0.0,0.0,,Whipsnakes LC,2019
141,Ryan Drenner,A,10.0,19.0,1.0,21.0,,0.0,0.0,0.0,61.0,37.0,31.1,51.4,10.0,6.0,0.0,0.0,0.0,,Whipsnakes LC,2019
142,Connor Kelly,M,8.0,10.0,8.0,18.0,,0.0,0.0,0.0,41.0,21.0,24.4,47.6,3.0,7.0,1.0,0.0,0.0,,Whipsnakes LC,2019
143,John Haus,M,8.0,8.0,4.0,13.0,,0.0,0.0,0.0,31.0,15.0,25.8,53.3,8.0,3.0,3.0,0.0,0.0,,Whipsnakes LC,2019
144,Ben Reeves,A,8.0,6.0,7.0,13.0,,0.0,0.0,0.0,26.0,17.0,23.1,35.3,9.0,7.0,0.0,0.0,0.0,,Whipsnakes LC,2019
145,Michael Ehrhardt,LSM,9.0,5.0,5.0,13.0,,0.0,0.0,0.0,20.0,14.0,25.0,35.7,25.0,2.0,6.0,12.0,4.0,33.3,Whipsnakes LC,2019
146,Joe Nardella,FO,10.0,6.0,6.0,12.0,,0.0,0.0,0.0,15.0,9.0,40.0,66.7,72.0,8.0,4.0,234.0,127.0,54.3,Whipsnakes LC,2019
147,Drew Snider,M,10.0,6.0,3.0,9.0,,0.0,0.0,0.0,30.0,20.0,20.0,30.0,12.0,3.0,5.0,0.0,0.0,,Whipsnakes LC,2019
148,Jake Bernhardt,M,9.0,5.0,2.0,7.0,,0.0,0.0,0.0,20.0,13.0,25.0,38.5,7.0,6.0,3.0,1.0,0.0,0.0,Whipsnakes LC,2019
149,Jay Carlson,A,4.0,3.0,2.0,5.0,,0.0,0.0,0.0,12.0,8.0,25.0,37.5,5.0,1.0,0.0,0.0,0.0,,Whipsnakes LC,2019
150,Joe LoCascio,M,8.0,3.0,2.0,5.0,,0.0,0.0,0.0,23.0,9.0,13.0,33.3,2.0,4.0,0.0,0.0,0.0,,Whipsnakes LC,2019
151,Bryce Young,D,10.0,2.0,3.0,5.0,,0.0,0.0,0.0,6.0,3.0,33.3,66.7,34.0,6.0,12.0,0.0,0.0,,Whipsnakes LC,2019
152,Jeremy Sieverts,M,4.0,3.0,1.0,4.0,,0.0,0.0,0.0,10.0,5.0,30.0,60.0,0.0,2.0,0.0,0.0,0.0,,Whipsnakes LC,2019
153,Isaac Paparo,LSM,5.0,1.0,0.0,1.0,,0.0,0.0,0.0,1.0,1.0,100.0,100.0,5.0,2.0,3.0,10.0,2.0,20.0,Whipsnakes LC,2019
154,Tim Muller,D,10.0,1.0,0.0,1.0,,0.0,0.0,0.0,1.0,1.0,100.0,100.0,19.0,1.0,6.0,0.0,0.0,,Whipsnakes LC,2019
155,Tyler Warner,M,10.0,1.0,0.0,1.0,,0.0,0.0,0.0,4.0,1.0,25.0,100.0,18.0,0.0,5.0,0.0,0.0,,Whipsnakes LC,2019
156,Jeff Reynolds,M,1.0,0.0,0.0,0.0,,0.0,0.0,0.0,0.0,0.0,,,1.0,0.0,0.0,0.0,0.0,,Whipsnakes LC,2019
157,Joe McCallion,M,2.0,0.0,0.0,0.0,,0.0,0.0,0.0,0.0,0.0,,,0.0,1.0,0.0,0.0,0.0,,Whipsnakes LC,2019
158,Dylan Maltz,A,3.0,0.0,0.0,0.0,,0.0,0.0,0.0,7.0,5.0,0.0,0.0,1.0,0.0,0.0,0.0,0.0,,Whipsnakes LC,2019
159,James Barclay,D,4.0,0.0,0.0,0.0,,0.0,0.0,0.0,0.0,0.0,,,1.0,0.0,1.0,0.0,0.0,,Whipsnakes LC,2019
160,Dan Morris,G,4.0,0.0,0.0,0.0,,0.0,0.0,0.0,0.0,0.0,,,0.0,0.0,0.0,0.0,0.0,,Whipsnakes LC,2019
161,Tim Rotanz,M,4.0,0.0,0.0,0.0,,0.0,0.0,0.0,2.0,1.0,0.0,0.0,2.0,0.0,0.0,0.0,0.0,,Whipsnakes LC,2019
162,Brett Schmidt,D,5.0,0.0,0.0,0.0,,0.0,0.0,0.0,0.0,0.0,,,2.0,1.0,2.0,0.0,0.0,,Whipsnakes LC,2019
163,Kyle Bernlohr,G,10.0,0.0,0.0,0.0,,0.0,0.0,0.0,0.0,0.0,,,14.0,5.0,1.0,0.0,0.0,,Whipsnakes LC,2019
164,Matt Dunn,D,10.0,0.0,0.0,0.0,,0.0,0.0,0.0,1.0,1.0,0.0,0.0,15.0,6.0,3.0,0.0,0.0,,Whipsnakes LC,2019
165,Totals,,186.0,113.0,71.0,196.0,0.0,0.0,0.0,0.0,442.0,246.0,25.6,45.9,276.0,102.0,55.0,257.0,133.0,51.8,Whipsnakes LC,2019
166,Grant Ament,A,6.0,6.0,14.0,20.0,0.5,0.0,0.0,0.0,25.0,18.0,24.0,33.3,11.0,13.0,0.0,0.0,0.0,,Archers LC,2020
167,Tom Schreiber,"M,F",6.0,12.0,4.0,16.0,0.0,0.0,0.0,0.0,29.0,21.0,41.4,57.1,6.0,14.0,0.0,0.0,0.0,,Archers LC,2020
168,Will Manny,A,6.0,10.0,4.0,14.0,0.0,1.0,0.0,0.0,39.0,28.0,25.6,35.7,7.0,10.0,0.0,0.0,0.0,,Archers LC,2020
169,Christian Mazzone,M,6.0,9.0,0.0,9.0,0.5,0.0,0.0,0.0,13.0,12.0,69.2,75.0,9.0,4.0,1.0,0.0,0.0,,Archers LC,2020
170,Ryan Ambler,A,6.0,4.0,5.0,9.0,0.0,0.0,0.0,0.0,19.0,12.0,21.1,33.3,0.0,2.0,2.0,0.0,0.0,,Archers LC,2020
171,Marcus Holman,"F,A",6.0,6.0,1.0,7.0,1.5,1.0,0.0,0.0,26.0,17.0,23.1,35.3,14.0,3.0,3.0,0.0,0.0,,Archers LC,2020
172,Josh Currier,F,6.0,6.0,0.0,6.0,0.0,1.0,0.0,0.0,14.0,11.0,42.9,54.5,2.0,2.0,1.0,0.0,0.0,,Archers LC,2020
173,Scott Ratliff,D,6.0,3.0,3.0,6.0,0.5,0.0,0.0,0.0,8.0,5.0,37.5,60.0,17.0,2.0,5.0,0.0,0.0,,Archers LC,2020
174,Joey Sankey,A,6.0,3.0,3.0,6.0,0.0,0.0,0.0,0.0,9.0,5.0,33.3,60.0,1.0,3.0,0.0,0.0,0.0,,Archers LC,2020
175,Ian MacKay,M,6.0,3.0,1.0,5.0,0.0,1.0,0.0,0.0,21.0,12.0,14.3,25.0,4.0,6.0,0.0,3.0,1.0,33.3,Archers LC,2020
176,Brendan Fowler,M,6.0,1.0,0.0,1.0,0.0,0.0,0.0,0.0,2.0,2.0,50.0,50.0,13.0,3.0,0.0,66.0,31.0,47.0,Archers LC,2020
177,Eli Gobrecht,D,6.0,0.0,0.0,0.0,2.0,0.0,0.0,0.0,0.0,0.0,,,12.0,2.0,4.0,0.0,0.0,,Archers LC,2020
178,Jack Rapine,D,6.0,0.0,0.0,0.0,0.0,0.0,0.0,0.0,0.0,0.0,,,1.0,0.0,2.0,0.0,0.0,,Archers LC,2020
179,Dominique Alexander,M,6.0,0.0,0.0,0.0,0.0,0.0,0.0,0.0,0.0,0.0,,,2.0,1.0,2.0,0.0,0.0,,Archers LC,2020
180,Curtis Corley,D,6.0,0.0,0.0,0.0,0.0,0.0,0.0,0.0,0.0,0.0,,,5.0,1.0,3.0,0.0,0.0,,Archers LC,2020
181,Stephen Kelly,M,6.0,0.0,0.0,0.0,0.0,0.0,0.0,0.0,1.0,0.0,0.0,,23.0,3.0,0.0,81.0,40.0,49.4,Archers LC,2020
182,Matt McMahon,D,6.0,0.0,0.0,0.0,2.0,0.0,0.0,0.0,1.0,0.0,0.0,,10.0,1.0,12.0,0.0,0.0,,Archers LC,2020
183,Mark McNeill,F,6.0,0.0,0.0,0.0,0.0,0.0,0.0,0.0,1.0,0.0,0.0,,13.0,5.0,2.0,0.0,0.0,,Archers LC,2020
184,Tyler Pfister,M,6.0,0.0,0.0,0.0,0.5,0.0,0.0,0.0,1.0,0.0,0.0,,3.0,4.0,2.0,0.0,0.0,,Archers LC,2020
185,Michael Simon,D,6.0,0.0,0.0,0.0,0.5,0.0,0.0,0.0,1.0,0.0,0.0,,5.0,2.0,1.0,0.0,0.0,,Archers LC,2020
186,Drew Adams,G,6.0,0.0,0.0,0.0,0.0,0.0,0.0,0.0,1.0,0.0,0.0,,4.0,0.0,0.0,0.0,0.0,,Archers LC,2020
187,Adam Ghitelman,G,6.0,0.0,0.0,0.0,0.0,0.0,0.0,0.0,2.0,0.0,0.0,,5.0,0.0,1.0,0.0,0.0,,Archers LC,2020
188,Totals,,132.0,63.0,35.0,99.0,8.0,4.0,0.0,0.0,213.0,143.0,29.6,44.1,167.0,81.0,41.0,150.0,72.0,48.0,Archers LC,2020
189,Rob Pannell,A,5.0,6.0,9.0,15.0,0.0,0.0,0.0,0.0,34.0,17.0,17.6,35.3,14.0,14.0,1.0,0.0,0.0,,Atlas LC,2020
190,Bryan Costabile,M,5.0,7.0,1.0,9.0,0.0,0.0,0.0,0.0,25.0,17.0,28.0,41.2,8.0,9.0,2.0,0.0,0.0,,Atlas LC,2020
191,Chris Cloutier,A,5.0,7.0,0.0,7.0,0.0,0.0,0.0,0.0,17.0,8.0,41.2,87.5,2.0,8.0,0.0,0.0,0.0,,Atlas LC,2020
192,Eric Law,A,5.0,5.0,2.0,7.0,0.0,0.0,0.0,0.0,12.0,9.0,41.7,55.6,9.0,7.0,3.0,0.0,0.0,,Atlas LC,2020
193,Connor Buczek,"M,D",5.0,3.0,3.0,7.0,0.0,1.0,0.0,0.0,27.0,15.0,11.1,20.0,3.0,8.0,1.0,0.0,0.0,,Atlas LC,2020
194,Ryan Brown,A,5.0,6.0,0.0,6.0,0.5,2.0,0.0,0.0,23.0,15.0,26.1,40.0,5.0,3.0,0.0,0.0,0.0,,Atlas LC,2020
195,Romar Dennis,M,5.0,4.0,1.0,6.0,1.5,0.0,0.0,0.0,18.0,8.0,22.2,50.0,2.0,0.0,2.0,0.0,0.0,,Atlas LC,2020
196,John Crawley,M,5.0,3.0,2.0,5.0,0.0,0.0,0.0,0.0,11.0,7.0,27.3,42.9,3.0,1.0,0.0,0.0,0.0,,Atlas LC,2020
197,Paul Rabil,M,5.0,1.0,4.0,5.0,0.5,0.0,0.0,0.0,19.0,8.0,5.3,12.5,3.0,4.0,0.0,0.0,0.0,,Atlas LC,2020
198,Trevor Baptiste,F,5.0,1.0,0.0,1.0,1.0,0.0,0.0,0.0,3.0,2.0,33.3,50.0,22.0,1.0,2.0,106.0,57.0,53.8,Atlas LC,2020
199,Craig Chick,D,5.0,0.0,1.0,1.0,0.5,0.0,0.0,0.0,0.0,0.0,,,13.0,1.0,5.0,0.0,0.0,,Atlas LC,2020
200,Kevin Unterstein,M,5.0,0.0,1.0,1.0,1.0,0.0,0.0,0.0,1.0,0.0,0.0,,7.0,2.0,2.0,0.0,0.0,,Atlas LC,2020
201,Joel Tinney,M,5.0,0.0,1.0,1.0,0.5,0.0,0.0,0.0,2.0,1.0,0.0,0.0,11.0,2.0,2.0,0.0,0.0,,Atlas LC,2020
202,Tucker Durkin,D,3.0,0.0,0.0,0.0,0.0,0.0,0.0,0.0,1.0,1.0,0.0,0.0,1.0,0.0,5.0,0.0,0.0,,Atlas LC,2020
203,Jeremy Thompson,M,5.0,0.0,0.0,0.0,0.0,0.0,0.0,0.0,0.0,0.0,,,0.0,0.0,0.0,7.0,0.0,0.0,Atlas LC,2020
204,Jack Concannon,G,5.0,0.0,0.0,0.0,0.0,0.0,0.0,0.0,0.0,0.0,,,7.0,1.0,0.0,0.0,0.0,,Atlas LC,2020
205,Austin Pifani,D,5.0,0.0,0.0,0.0,4.0,0.0,0.0,0.0,0.0,0.0,,,12.0,3.0,4.0,0.0,0.0,,Atlas LC,2020
206,Jacob Richard,M,5.0,0.0,0.0,0.0,0.5,0.0,0.0,0.0,0.0,0.0,,,1.0,1.0,1.0,0.0,0.0,,Atlas LC,2020
207,Scott Rodgers,G,5.0,0.0,0.0,0.0,0.0,0.0,0.0,0.0,0.0,0.0,,,0.0,0.0,0.0,0.0,0.0,,Atlas LC,2020
208,Callum Robinson,D,5.0,0.0,0.0,0.0,1.0,0.0,0.0,0.0,1.0,0.0,0.0,,3.0,0.0,0.0,3.0,1.0,33.3,Atlas LC,2020
209,Cade Van Raaphorst,D,5.0,0.0,0.0,0.0,2.5,0.0,0.0,0.0,4.0,0.0,0.0,,21.0,2.0,12.0,0.0,0.0,,Atlas LC,2020
210,Kyle Hartzell,D,5.0,0.0,0.0,0.0,1.0,0.0,0.0,0.0,4.0,2.0,0.0,0.0,7.0,1.0,1.0,0.0,0.0,,Atlas LC,2020
211,Totals,,108.0,43.0,25.0,71.0,14.5,3.0,0.0,0.0,202.0,110.0,21.3,39.1,154.0,68.0,43.0,116.0,58.0,50.0,Atlas LC,2020
212,Josh Byrne,A,7.0,13.0,7.0,20.0,1.0,1.0,0.0,0.0,44.0,28.0,29.5,46.4,8.0,8.0,6.0,0.0,0.0,,Chaos LC,2020
213,Curtis Dickson,A,7.0,12.0,6.0,18.0,0.5,0.0,0.0,0.0,43.0,25.0,27.9,48.0,7.0,4.0,1.0,0.0,0.0,,Chaos LC,2020
214,Dhane Smith,T,7.0,6.0,4.0,10.0,0.0,1.0,0.0,0.0,19.0,12.0,31.6,50.0,8.0,9.0,1.0,0.0,0.0,,Chaos LC,2020
215,Jake Froccaro,M,7.0,5.0,3.0,10.0,0.0,1.0,0.0,0.0,31.0,15.0,16.1,33.3,12.0,3.0,3.0,5.0,0.0,0.0,Chaos LC,2020
216,Sergio Salcido,M,7.0,7.0,1.0,8.0,0.5,0.0,0.0,0.0,26.0,18.0,26.9,38.9,4.0,5.0,0.0,0.0,0.0,,Chaos LC,2020
217,Connor Fields,A,6.0,6.0,1.0,7.0,0.0,0.0,0.0,0.0,19.0,10.0,31.6,60.0,5.0,10.0,0.0,0.0,0.0,,Chaos LC,2020
218,Austin Staats,F,7.0,5.0,1.0,6.0,2.0,0.0,0.0,0.0,12.0,10.0,41.7,50.0,2.0,7.0,0.0,0.0,0.0,,Chaos LC,2020
219,Miles Thompson,A,7.0,4.0,1.0,5.0,0.0,1.0,0.0,0.0,11.0,10.0,36.4,40.0,0.0,5.0,0.0,0.0,0.0,,Chaos LC,2020
220,Eric Scott,M,7.0,2.0,2.0,4.0,0.0,0.0,0.0,0.0,16.0,11.0,12.5,18.2,4.0,3.0,1.0,0.0,0.0,,Chaos LC,2020
221,Patrick Resch,F,7.0,3.0,0.0,3.0,1.0,0.0,0.0,0.0,3.0,3.0,100.0,100.0,8.0,2.0,2.0,0.0,0.0,,Chaos LC,2020
222,Kevin Buchanan,"A,M",7.0,2.0,1.0,3.0,0.0,0.0,0.0,0.0,9.0,6.0,22.2,33.3,2.0,1.0,0.0,0.0,0.0,,Chaos LC,2020
223,Troy Reh,M,7.0,1.0,1.0,3.0,0.0,0.0,0.0,0.0,3.0,2.0,33.3,50.0,17.0,4.0,2.0,1.0,0.0,0.0,Chaos LC,2020
224,Mark Glicini,M,7.0,1.0,1.0,2.0,0.5,0.0,0.0,0.0,4.0,2.0,25.0,50.0,11.0,0.0,3.0,0.0,0.0,,Chaos LC,2020
225,Jason Noble,D,7.0,0.0,1.0,1.0,1.0,0.0,0.0,0.0,0.0,0.0,,,4.0,3.0,5.0,0.0,0.0,,Chaos LC,2020
226,Tyson Bell,D,7.0,0.0,1.0,1.0,3.0,0.0,0.0,0.0,0.0,0.0,,,7.0,0.0,2.0,0.0,0.0,,Chaos LC,2020
227,Thomas Kelly,FO,7.0,0.0,1.0,1.0,1.0,0.0,0.0,0.0,3.0,0.0,0.0,,23.0,5.0,0.0,157.0,59.0,37.6,Chaos LC,2020
228,Johnny Surdick,D,1.0,0.0,0.0,0.0,0.0,0.0,0.0,0.0,0.0,0.0,,,0.0,0.0,0.0,0.0,0.0,,Chaos LC,2020
229,Jack Rowlett,D,6.0,0.0,0.0,0.0,0.5,0.0,0.0,0.0,1.0,0.0,0.0,,8.0,1.0,9.0,4.0,0.0,0.0,Chaos LC,2020
230,Dillon Ward,G,7.0,0.0,0.0,0.0,0.0,0.0,0.0,0.0,0.0,0.0,,,0.0,0.0,0.0,0.0,0.0,,Chaos LC,2020
231,Dan Coates,D,7.0,0.0,0.0,0.0,0.0,0.0,0.0,0.0,0.0,0.0,,,6.0,1.0,6.0,0.0,0.0,,Chaos LC,2020
232,Blaze Riorden,"F,G",7.0,0.0,0.0,0.0,0.0,0.0,0.0,0.0,3.0,1.0,0.0,0.0,10.0,5.0,1.0,0.0,0.0,,Chaos LC,2020
233,Jarrod Neumann,D,7.0,0.0,0.0,0.0,1.0,0.0,0.0,0.0,4.0,2.0,0.0,0.0,16.0,6.0,7.0,0.0,0.0,,Chaos LC,2020
234,Matt Rees,D,7.0,0.0,0.0,0.0,2.0,0.0,0.0,0.0,4.0,2.0,0.0,0.0,17.0,3.0,3.0,0.0,0.0,,Chaos LC,2020
235,Totals,,153.0,67.0,32.0,102.0,14.0,4.0,0.0,0.0,255.0,157.0,26.3,42.7,179.0,85.0,52.0,167.0,59.0,35.3,Chaos LC,2020
236,Jordan Wolf,A,5.0,10.0,8.0,18.0,0.0,1.0,0.0,0.0,32.0,20.0,31.3,50.0,11.0,8.0,1.0,0.0,0.0,,Chrome LC,2020
237,Justin Guterding,A,5.0,10.0,6.0,16.0,0.0,0.0,0.0,0.0,32.0,21.0,31.3,47.6,5.0,8.0,2.0,0.0,0.0,,Chrome LC,2020
238,Jesse King,F,5.0,8.0,2.0,10.0,0.0,2.0,0.0,0.0,19.0,12.0,42.1,66.7,3.0,4.0,0.0,0.0,0.0,,Chrome LC,2020
239,Ned Crotty,A,4.0,3.0,7.0,10.0,0.0,0.0,0.0,0.0,11.0,4.0,27.3,75.0,3.0,7.0,0.0,0.0,0.0,,Chrome LC,2020
240,Jordan Macintosh,M,5.0,8.0,1.0,9.0,0.0,1.0,0.0,0.0,22.0,13.0,36.4,61.5,7.0,5.0,2.0,0.0,0.0,,Chrome LC,2020
241,Matt Gaudet,A,5.0,8.0,0.0,8.0,0.0,2.0,0.0,0.0,16.0,9.0,50.0,88.9,2.0,2.0,2.0,0.0,0.0,,Chrome LC,2020
242,John Ranagan,M,5.0,4.0,2.0,6.0,0.0,0.0,0.0,0.0,18.0,9.0,22.2,44.4,2.0,5.0,0.0,0.0,0.0,,Chrome LC,2020
243,Sam Duggan,M,5.0,3.0,1.0,5.0,1.0,0.0,0.0,0.0,5.0,3.0,60.0,100.0,10.0,1.0,2.0,0.0,0.0,,Chrome LC,2020
244,Will Haus,M,5.0,3.0,1.0,4.0,2.0,0.0,0.0,0.0,4.0,4.0,75.0,75.0,9.0,4.0,2.0,0.0,0.0,,Chrome LC,2020
245,Eli Salama,D,5.0,1.0,1.0,3.0,1.0,0.0,0.0,0.0,4.0,2.0,25.0,50.0,5.0,0.0,2.0,0.0,0.0,,Chrome LC,2020
246,Brendan Kavanagh,M,5.0,1.0,1.0,3.0,0.0,0.0,0.0,0.0,9.0,3.0,11.1,33.3,5.0,3.0,1.0,0.0,0.0,,Chrome LC,2020
247,Mike Manley,D,5.0,1.0,0.0,1.0,1.0,0.0,0.0,0.0,5.0,1.0,20.0,100.0,13.0,4.0,5.0,0.0,0.0,,Chrome LC,2020
248,Reece Eddy,LSM,5.0,1.0,0.0,1.0,3.0,0.0,0.0,0.0,2.0,2.0,50.0,50.0,13.0,2.0,5.0,0.0,0.0,,Chrome LC,2020
249,James Barclay,D,5.0,0.0,1.0,1.0,2.0,0.0,0.0,0.0,1.0,1.0,0.0,0.0,7.0,0.0,1.0,0.0,0.0,,Chrome LC,2020
250,Connor Farrell,F,5.0,0.0,1.0,1.0,0.0,0.0,0.0,0.0,2.0,1.0,0.0,0.0,34.0,8.0,0.0,116.0,72.0,62.1,Chrome LC,2020
251,Brett Queener,"G,F",5.0,0.0,0.0,0.0,0.0,0.0,0.0,0.0,0.0,0.0,,,0.0,0.0,0.0,0.0,0.0,,Chrome LC,2020
252,Hunter Forbes,F,5.0,0.0,0.0,0.0,0.0,0.0,0.0,0.0,1.0,0.0,0.0,,3.0,0.0,1.0,18.0,4.0,22.2,Chrome LC,2020
253,John Galloway,G,5.0,0.0,0.0,0.0,0.0,0.0,0.0,0.0,1.0,0.0,0.0,,6.0,2.0,1.0,0.0,0.0,,Chrome LC,2020
254,Donny Moss,"M,D",5.0,0.0,0.0,0.0,0.5,0.0,0.0,0.0,1.0,0.0,0.0,,2.0,0.0,2.0,0.0,0.0,,Chrome LC,2020
255,Jake Pulver,D,5.0,0.0,0.0,0.0,0.5,0.0,0.0,0.0,1.0,1.0,0.0,0.0,8.0,1.0,4.0,0.0,0.0,,Chrome LC,2020
256,Jesse Bernhardt,D,5.0,0.0,0.0,0.0,3.0,0.0,0.0,0.0,2.0,1.0,0.0,0.0,9.0,3.0,4.0,0.0,0.0,,Chrome LC,2020
257,Justin Turri,M,5.0,0.0,0.0,0.0,0.0,0.0,0.0,0.0,2.0,2.0,0.0,0.0,0.0,0.0,0.0,0.0,0.0,,Chrome LC,2020
258,Totals,,109.0,61.0,32.0,96.0,14.0,6.0,0.0,0.0,190.0,109.0,32.1,56.0,157.0,67.0,37.0,134.0,76.0,56.7,Chrome LC,2020
259,Ryder Garnsey,M,6.0,10.0,6.0,16.0,4.5,0.0,0.0,0.0,38.0,26.0,26.3,38.5,12.0,8.0,2.0,0.0,0.0,,Redwoods LC,2020
260,Sergio Perkovic,M,6.0,9.0,0.0,15.0,0.0,1.0,0.0,0.0,35.0,25.0,25.7,36.0,5.0,8.0,1.0,0.0,0.0,,Redwoods LC,2020
261,Myles Jones,M,6.0,6.0,5.0,13.0,1.5,3.0,0.0,0.0,30.0,18.0,20.0,33.3,7.0,10.0,1.0,0.0,0.0,,Redwoods LC,2020
262,Matt Kavanagh,A,6.0,7.0,4.0,11.0,0.0,1.0,0.0,0.0,24.0,16.0,29.2,43.8,6.0,8.0,2.0,0.0,0.0,,Redwoods LC,2020
263,Clarke Petterson,F,6.0,5.0,4.0,9.0,0.5,3.0,0.0,0.0,22.0,13.0,22.7,38.5,9.0,2.0,1.0,0.0,0.0,,Redwoods LC,2020
264,Joe Walters,"M,A",6.0,3.0,5.0,9.0,1.0,1.0,0.0,0.0,13.0,8.0,23.1,37.5,1.0,7.0,0.0,0.0,0.0,,Redwoods LC,2020
265,Brent Adams,"M,D",6.0,5.0,1.0,6.0,0.0,0.0,0.0,0.0,30.0,17.0,16.7,29.4,12.0,7.0,2.0,0.0,0.0,,Redwoods LC,2020
266,Brendan Gleason,A,6.0,3.0,1.0,4.0,0.0,0.0,0.0,0.0,10.0,4.0,30.0,75.0,3.0,3.0,0.0,0.0,0.0,,Redwoods LC,2020
267,Kyle Harrison,M,6.0,2.0,1.0,4.0,0.0,0.0,0.0,0.0,9.0,2.0,22.2,100.0,2.0,2.0,0.0,0.0,0.0,,Redwoods LC,2020
268,Jack Near,M,6.0,1.0,2.0,3.0,0.5,0.0,0.0,0.0,6.0,4.0,16.7,25.0,11.0,2.0,6.0,0.0,0.0,,Redwoods LC,2020
269,Patrick Harbeson,M,6.0,1.0,1.0,2.0,1.5,0.0,0.0,0.0,6.0,5.0,16.7,20.0,16.0,3.0,11.0,0.0,0.0,,Redwoods LC,2020
270,Greg Puskuldjian,F,6.0,0.0,1.0,1.0,0.0,0.0,0.0,0.0,1.0,1.0,0.0,0.0,8.0,1.0,2.0,62.0,22.0,35.5,Redwoods LC,2020
271,Tyler Dunn,M,5.0,0.0,0.0,0.0,0.0,0.0,0.0,0.0,1.0,0.0,0.0,,2.0,0.0,3.0,0.0,0.0,,Redwoods LC,2020
272,Peyton Smith,F,6.0,0.0,0.0,0.0,0.0,0.0,0.0,0.0,0.0,0.0,,,9.0,1.0,0.0,66.0,25.0,37.9,Redwoods LC,2020
273,Gunnar Waldt,G,6.0,0.0,0.0,0.0,0.0,0.0,0.0,0.0,0.0,0.0,,,0.0,0.0,0.0,0.0,0.0,,Redwoods LC,2020
274,Hugh Crance,LSM,6.0,0.0,0.0,0.0,0.0,0.0,0.0,0.0,0.0,0.0,,,4.0,3.0,4.0,0.0,0.0,,Redwoods LC,2020
275,Garrett Epple,D,6.0,0.0,0.0,0.0,2.0,0.0,0.0,0.0,0.0,0.0,,,17.0,6.0,9.0,0.0,0.0,,Redwoods LC,2020
276,Finn Sullivan,D,6.0,0.0,0.0,0.0,1.0,0.0,0.0,0.0,1.0,0.0,0.0,,7.0,0.0,4.0,0.0,0.0,,Redwoods LC,2020
277,Edwin Glazener,D,6.0,0.0,0.0,0.0,1.5,0.0,0.0,0.0,3.0,1.0,0.0,0.0,9.0,0.0,5.0,0.0,0.0,,Redwoods LC,2020
278,Tim Troutner,G,6.0,0.0,0.0,0.0,0.0,0.0,0.0,0.0,4.0,1.0,0.0,0.0,12.0,2.0,3.0,0.0,0.0,,Redwoods LC,2020
279,John Sexton,D,6.0,0.0,0.0,0.0,0.5,0.0,0.0,0.0,4.0,2.0,0.0,0.0,11.0,1.0,9.0,0.0,0.0,,Redwoods LC,2020
280,Nick Ossello,"M,D",6.0,0.0,0.0,0.0,1.5,0.0,0.0,0.0,5.0,2.0,0.0,0.0,4.0,0.0,5.0,2.0,0.0,0.0,Redwoods LC,2020
281,Totals,,131.0,52.0,31.0,93.0,16.0,9.0,0.0,0.0,242.0,145.0,21.5,35.9,167.0,74.0,70.0,130.0,47.0,36.2,Redwoods LC,2020
282,Kieran McArdle,"A,F",5.0,8.0,6.0,14.0,2.0,0.0,0.0,0.0,26.0,18.0,30.8,44.4,6.0,15.0,2.0,0.0,0.0,,Waterdogs LC,2020
283,Connor Kelly,M,5.0,7.0,1.0,10.0,0.0,2.0,0.0,0.0,31.0,18.0,22.6,38.9,5.0,3.0,1.0,0.0,0.0,,Waterdogs LC,2020
284,Zach Currier,M,4.0,4.0,3.0,7.0,0.0,1.0,0.0,0.0,8.0,5.0,50.0,80.0,20.0,6.0,2.0,0.0,0.0,,Waterdogs LC,2020
285,Ben McIntosh,F,5.0,6.0,0.0,6.0,0.0,0.0,0.0,0.0,21.0,16.0,28.6,37.5,3.0,2.0,1.0,0.0,0.0,,Waterdogs LC,2020
286,Christian Cuccinello,M,5.0,3.0,2.0,5.0,0.0,0.0,0.0,0.0,10.0,7.0,30.0,42.9,2.0,3.0,0.0,0.0,0.0,,Waterdogs LC,2020
287,Wesley Berg,F,5.0,1.0,4.0,5.0,0.5,0.0,0.0,0.0,12.0,9.0,8.3,11.1,3.0,4.0,1.0,0.0,0.0,,Waterdogs LC,2020
288,Drew Snider,M,5.0,4.0,0.0,4.0,0.0,1.0,0.0,0.0,26.0,15.0,15.4,26.7,4.0,1.0,0.0,0.0,0.0,,Waterdogs LC,2020
289,Ryan Drenner,A,5.0,3.0,1.0,4.0,0.0,0.0,0.0,0.0,14.0,6.0,21.4,50.0,5.0,5.0,2.0,0.0,0.0,,Waterdogs LC,2020
290,Ryland Rees,M,5.0,2.0,0.0,4.0,2.0,0.0,0.0,0.0,10.0,5.0,20.0,40.0,16.0,3.0,6.0,0.0,0.0,,Waterdogs LC,2020
291,Steve DeNapoli,"M,D",5.0,1.0,1.0,3.0,0.0,0.0,0.0,0.0,7.0,4.0,14.3,25.0,14.0,1.0,6.0,0.0,0.0,,Waterdogs LC,2020
292,Ben Reeves,A,5.0,0.0,3.0,3.0,0.0,0.0,0.0,0.0,9.0,6.0,0.0,0.0,3.0,2.0,1.0,0.0,0.0,,Waterdogs LC,2020
293,Drew Simoneau,FO,5.0,2.0,0.0,2.0,0.0,0.0,0.0,0.0,2.0,2.0,100.0,100.0,11.0,2.0,1.0,53.0,29.0,54.7,Waterdogs LC,2020
294,Daniel Eipp,A,5.0,1.0,0.0,1.0,0.0,0.0,0.0,0.0,1.0,1.0,100.0,100.0,2.0,0.0,0.0,0.0,0.0,,Waterdogs LC,2020
295,Jake Withers,M,5.0,0.0,1.0,1.0,1.0,0.0,0.0,0.0,1.0,1.0,0.0,0.0,14.0,0.0,3.0,59.0,34.0,57.6,Waterdogs LC,2020
296,Charlie Cipriano,G,5.0,0.0,0.0,0.0,0.0,0.0,0.0,0.0,0.0,0.0,,,2.0,2.0,0.0,0.0,0.0,,Waterdogs LC,2020
297,Patrick Foley,D,5.0,0.0,0.0,0.0,0.0,0.0,0.0,0.0,0.0,0.0,,,3.0,1.0,3.0,0.0,0.0,,Waterdogs LC,2020
298,BJ Grill,D,5.0,0.0,0.0,0.0,0.0,0.0,0.0,0.0,0.0,0.0,,,9.0,1.0,6.0,0.0,0.0,,Waterdogs LC,2020
299,Kyle McClancy,M,5.0,0.0,0.0,0.0,0.0,0.0,0.0,0.0,0.0,0.0,,,3.0,0.0,2.0,0.0,0.0,,Waterdogs LC,2020
300,Brodie Merrill,D,5.0,0.0,0.0,0.0,1.5,0.0,0.0,0.0,0.0,0.0,,,10.0,1.0,3.0,0.0,0.0,,Waterdogs LC,2020
301,Matt DeLuca,G,5.0,0.0,0.0,0.0,0.0,0.0,0.0,0.0,1.0,0.0,0.0,,1.0,2.0,2.0,0.0,0.0,,Waterdogs LC,2020
302,Chris Sabia,D,5.0,0.0,0.0,0.0,0.0,0.0,0.0,0.0,3.0,1.0,0.0,0.0,10.0,2.0,5.0,0.0,0.0,,Waterdogs LC,2020
303,Noah Richard,D,5.0,0.0,0.0,0.0,1.5,0.0,0.0,0.0,4.0,3.0,0.0,0.0,11.0,4.0,4.0,0.0,0.0,,Waterdogs LC,2020
304,Totals,,109.0,42.0,22.0,69.0,8.5,4.0,0.0,0.0,186.0,117.0,22.6,35.9,157.0,60.0,51.0,112.0,63.0,56.3,Waterdogs LC,2020
305,Matt Rambo,A,6.0,7.0,18.0,25.0,0.0,0.0,0.0,0.0,22.0,14.0,31.8,50.0,6.0,15.0,1.0,0.0,0.0,,Whipsnakes LC,2020
306,Zed Williams,A,6.0,20.0,3.0,23.0,0.0,0.0,0.0,0.0,59.0,37.0,33.9,54.1,9.0,16.0,3.0,0.0,0.0,,Whipsnakes LC,2020
307,Brad Smith,A,6.0,8.0,7.0,15.0,0.0,0.0,0.0,0.0,29.0,20.0,27.6,40.0,10.0,7.0,0.0,0.0,0.0,,Whipsnakes LC,2020
308,Mike Chanenchuk,M,6.0,8.0,4.0,14.0,0.0,3.0,0.0,0.0,28.0,16.0,28.6,50.0,4.0,6.0,1.0,0.0,0.0,,Whipsnakes LC,2020
309,Jay Carlson,A,6.0,12.0,1.0,13.0,0.5,2.0,0.0,0.0,26.0,22.0,46.2,54.5,17.0,4.0,0.0,0.0,0.0,,Whipsnakes LC,2020
310,John Haus,M,6.0,8.0,5.0,13.0,0.0,0.0,0.0,0.0,32.0,21.0,25.0,38.1,9.0,8.0,1.0,0.0,0.0,,Whipsnakes LC,2020
311,Michael Ehrhardt,D,6.0,2.0,3.0,7.0,0.0,0.0,0.0,0.0,9.0,4.0,22.2,50.0,26.0,2.0,7.0,0.0,0.0,,Whipsnakes LC,2020
312,Joe Nardella,M,6.0,3.0,3.0,6.0,0.0,0.0,0.0,0.0,8.0,5.0,37.5,60.0,65.0,5.0,1.0,138.0,100.0,72.5,Whipsnakes LC,2020
313,Joe LoCascio,M,6.0,5.0,0.0,5.0,0.0,0.0,0.0,0.0,18.0,12.0,27.8,41.7,1.0,2.0,0.0,0.0,0.0,,Whipsnakes LC,2020
314,Max Tuttle,M,6.0,3.0,0.0,3.0,0.0,0.0,0.0,0.0,13.0,5.0,23.1,60.0,6.0,3.0,0.0,0.0,0.0,,Whipsnakes LC,2020
315,Tim Muller,D,6.0,1.0,0.0,1.0,0.0,0.0,0.0,0.0,1.0,1.0,100.0,100.0,10.0,1.0,5.0,0.0,0.0,,Whipsnakes LC,2020
316,Jeremy Sieverts,M,6.0,1.0,0.0,1.0,0.0,0.0,0.0,0.0,4.0,3.0,25.0,33.3,2.0,3.0,0.0,0.0,0.0,,Whipsnakes LC,2020
317,Isaac Paparo,D,6.0,0.0,1.0,1.0,0.0,0.0,0.0,0.0,0.0,0.0,,,2.0,0.0,0.0,0.0,0.0,,Whipsnakes LC,2020
318,Matt Hubler,M,0.0,0.0,0.0,0.0,0.0,0.0,0.0,0.0,0.0,0.0,,,0.0,0.0,0.0,0.0,0.0,,Whipsnakes LC,2020
319,Kyle Bernlohr,G,6.0,0.0,0.0,0.0,0.0,0.0,0.0,0.0,0.0,0.0,,,12.0,3.0,1.0,0.0,0.0,,Whipsnakes LC,2020
320,TJ Comizio,M,6.0,0.0,0.0,0.0,0.5,0.0,0.0,0.0,0.0,0.0,,,6.0,1.0,1.0,0.0,0.0,,Whipsnakes LC,2020
321,Brett Schmidt,"D,A",6.0,0.0,0.0,0.0,0.0,0.0,0.0,0.0,0.0,0.0,,,3.0,1.0,0.0,0.0,0.0,,Whipsnakes LC,2020
322,Bryce Young,D,6.0,0.0,0.0,0.0,6.0,0.0,0.0,0.0,1.0,0.0,0.0,,9.0,1.0,3.0,0.0,0.0,,Whipsnakes LC,2020
323,Matt Dunn,D,6.0,0.0,0.0,0.0,0.0,0.0,0.0,0.0,1.0,0.0,0.0,,7.0,1.0,2.0,0.0,0.0,,Whipsnakes LC,2020
324,Joe McCallion,M,6.0,0.0,0.0,0.0,0.0,0.0,0.0,0.0,2.0,0.0,0.0,,0.0,1.0,0.0,11.0,4.0,36.4,Whipsnakes LC,2020
325,Jacob Stover,G,6.0,0.0,0.0,0.0,0.0,0.0,0.0,0.0,1.0,1.0,0.0,0.0,1.0,0.0,0.0,0.0,0.0,,Whipsnakes LC,2020
326,Tyler Warner,M,6.0,0.0,0.0,0.0,1.5,0.0,0.0,0.0,2.0,1.0,0.0,0.0,16.0,2.0,0.0,0.0,0.0,,Whipsnakes LC,2020
327,Jake Bernhardt,"M,F",6.0,0.0,0.0,0.0,1.0,0.0,0.0,0.0,2.0,2.0,0.0,0.0,2.0,2.0,7.0,0.0,0.0,,Whipsnakes LC,2020
328,Totals,,132.0,78.0,45.0,127.0,9.5,5.0,0.0,0.0,258.0,164.0,30.2,47.6,223.0,84.0,33.0,149.0,104.0,69.8,Whipsnakes LC,2020
